word,frequency
공감,253.0
결혼,128.0
출산,120.0
문제,117.0
엄마,113.0
시간,110.0
학교,110.0
부모,109.0
현실,103.0
어린이집,100.0
저출산,98.0
정책,98.0
아기,97.0
지원,89.0
육아,87.0
여자,77.0
해결,73.0
환경,72.0
정부,67.0
애기,66.0
사회,64.0
맞벌이,64.0
세상,58.0
퇴근,58.0
눈치,56.0
학원,54.0
한국,54.0
학년,53.0
아빠,53.0
낳을,52.0
혜택,51.0
둘째,50.0
집값,50.0
출산율,48.0
유치원,48.0
남자,46.0
자식,45.0
저녁,43.0
미래,42.0
육아휴직,40.0
병원,39.0
회사,39.0
요즘,38.0
국가,38.0
우리나라,36.0
애가,36.0
걱정,34.0
초등학교,34.0
세대,34.0
제도,34.0
직장,33.0
소아과,32.0
혼자,32.0
자녀,32.0
년생,32.0
마음,32.0
가족,31.0
아파트,31.0
년대,31.0
남편,31.0
가정,31.0
물가,31.0
임신,30.0
노인,30.0
부모님,29.0
세금,28.0
인생,28.0
댓글,27.0
이상,27.0
당장,26.0
경력,25.0
자기,25.0
어디,25.0
워킹맘,25.0
대책,24.0
이해,24.0
벌이,24.0
하원,24.0
여성,23.0
고민,23.0
단절,23.0
복직,23.0
이야기,23.0
졸업,22.0
친구,22.0
복지,22.0
근무,22.0
동네,22.0
주변,22.0
완전,22.0
여기,21.0
행복,21.0
준비,21.0
상황,21.0
대부분,21.0
경제,21.0
대기,20.0
개월,20.0
이번,20.0
선택,20.0
도움,20.0
사실,20.0
일찍,20.0
출근,20.0
살기,19.0
단축,19.0
일자리,19.0
미국,19.0
신입생,19.0
자체,18.0
부부,18.0
서로,18.0
저희,18.0
본인,18.0
지방,18.0
휴가,18.0
언제,17.0
나이,17.0
점점,17.0
뒷전,17.0
다시,17.0
가요,17.0
난리,17.0
취업,17.0
조금,17.0
가면,16.0
모습,16.0
대학,16.0
자신,16.0
기업,16.0
문화,16.0
시대,16.0
보호,16.0
옛날,16.0
오늘,16.0
정치인,16.0
교육,16.0
나중,16.0
죄인,15.0
사랑,15.0
눈물,15.0
원금,15.0
아들,15.0
비용,15.0
먼저,15.0
영상,15.0
서울,15.0
선생님,15.0
정치,15.0
제일,15.0
등등,15.0
내용,15.0
희생,15.0
현재,15.0
역시,15.0
주니어,14.0
급여,14.0
부터,14.0
시설,14.0
자리,14.0
보장,14.0
시스템,14.0
포기,14.0
우선,14.0
얼마,14.0
거나,14.0
방법,14.0
부담,14.0
성인,13.0
수도권,13.0
생기,13.0
고생,13.0
기도,13.0
진료,13.0
지역,13.0
서울대,13.0
심지어,13.0
입학,13.0
부분,13.0
하루,13.0
개인,13.0
최소,13.0
초반,13.0
비교,12.0
월급,12.0
실질,12.0
뉴스,12.0
기본,12.0
일단,12.0
공부,12.0
수가,12.0
관심,12.0
전세,12.0
한번,12.0
천만원,12.0
감당,12.0
오픈,12.0
정작,12.0
이면,12.0
부동산,12.0
동안,12.0
새끼,12.0
개선,11.0
국회의원,11.0
필요,11.0
직접,11.0
이건,11.0
우린,11.0
마련,11.0
달라,11.0
수준,11.0
의미,11.0
의료,11.0
자유,11.0
사교육비,11.0
양육,11.0
대기업,11.0
부영,11.0
소멸,11.0
만하,11.0
대출,11.0
장려,11.0
분위기,11.0
기저귀,11.0
직업,11.0
다음,11.0
초등,11.0
교육비,11.0
엄두,11.0
올해,10.0
나방,10.0
새벽,10.0
아이러니,10.0
보육,10.0
청년,10.0
학생,10.0
어찌,10.0
이민,10.0
국회,10.0
집도,10.0
정신,10.0
안보,10.0
일도,10.0
그것,10.0
남녀,10.0
신도시,10.0
대안,10.0
반대,10.0
아가,10.0
지원이,10.0
방과후,10.0
노후,10.0
하자,10.0
부족,10.0
뺑뺑,10.0
입장,10.0
일이,10.0
중학교,10.0
데리,10.0
순간,10.0
거의,10.0
교실,9.0
애국자,9.0
아무,9.0
벌써,9.0
위기,9.0
유지,9.0
대체,9.0
유럽,9.0
휴직,9.0
비율,9.0
사교육,9.0
매번,9.0
퇴사,9.0
대가,9.0
하니,9.0
큰일,9.0
살수,9.0
매일,9.0
감소,9.0
수당,9.0
경쟁,9.0
집안일,9.0
차라리,9.0
신경,9.0
행정,9.0
최악,9.0
시기,9.0
책임,9.0
겨우,9.0
시댁,9.0
아동,9.0
처럼,9.0
막상,9.0
진심,9.0
아예,9.0
년전,9.0
늘봄,9.0
시선,8.0
느낌,8.0
일본,8.0
근본,8.0
놀이터,8.0
서비스,8.0
케어,8.0
의무,8.0
능력,8.0
근로시간,8.0
동감,8.0
더욱,8.0
경우,8.0
아주,8.0
청약,8.0
어른,8.0
보통,8.0
주거,8.0
상태,8.0
건가,8.0
보이,8.0
비대,8.0
미혼,8.0
자꾸,8.0
인프라,8.0
아침,8.0
인원,8.0
다가,8.0
출생,8.0
위주,8.0
화이팅,8.0
주말,8.0
존나,8.0
업무,8.0
저런,8.0
방안,8.0
사고,8.0
고령화,8.0
교사,8.0
인간,8.0
기간,8.0
기성세대,8.0
대해,8.0
연장,8.0
말씀,8.0
거리,8.0
지랄,8.0
일상,8.0
우리동네,7.0
면서,7.0
의사,7.0
금리,7.0
하나요,7.0
볼때,7.0
자연,7.0
이나,7.0
마을,7.0
원인,7.0
기관,7.0
기계,7.0
평생,7.0
크게,7.0
상승,7.0
그거,7.0
저기,7.0
종일,7.0
프로그램,7.0
연차,7.0
전화,7.0
이후,7.0
전쟁,7.0
여유,7.0
수입,7.0
어제,7.0
거기,7.0
방학,7.0
인력,7.0
여건,7.0
과밀,7.0
라떼,7.0
지옥,7.0
서류,7.0
갑자기,7.0
첫째,7.0
오픈런,7.0
최고,7.0
기존,7.0
끼리,7.0
효과,7.0
대통령,7.0
생활,7.0
커서,7.0
격하,7.0
임산부,7.0
동생,7.0
중소기업,7.0
매년,7.0
면접,7.0
국민연금,7.0
초등학생,7.0
청소년,6.0
만화,6.0
명인,6.0
출산휴가,6.0
처벌,6.0
범죄,6.0
출생률,6.0
노력,6.0
충족,6.0
지급,6.0
증가,6.0
먹이,6.0
친정,6.0
드네,6.0
중심,6.0
하라,6.0
뭔가,6.0
반복,6.0
도시,6.0
폐교,6.0
무니,6.0
차이,6.0
탁상,6.0
년도,6.0
다자,6.0
가게,6.0
신생아,6.0
이슈,6.0
고등학교,6.0
시골,6.0
야근,6.0
예산,6.0
군대,6.0
현대,6.0
개그,6.0
연금,6.0
한계,6.0
생명,6.0
여야,6.0
입학생,6.0
안정,6.0
한국인,6.0
입원,6.0
화장실,6.0
혐오,6.0
애도,6.0
인정,6.0
순위,6.0
얼굴,6.0
수업,6.0
애셋,6.0
거지,6.0
일해,6.0
어쩌,6.0
어어,6.0
어린이,6.0
할아버지,6.0
갈이,6.0
야간,6.0
정착,6.0
각종,6.0
웃기,6.0
금은,6.0
조부모,6.0
가야,6.0
신혼부부,6.0
오히려,6.0
가능,6.0
사이,6.0
신랑,6.0
우울증,6.0
잘못,6.0
기득권,6.0
학군,6.0
시절,6.0
기쁨,6.0
분유,6.0
외국,6.0
작가,6.0
자주,6.0
유급,6.0
임금,5.0
참여,5.0
모자,5.0
만해,5.0
결과,5.0
애초,5.0
만세,5.0
경기,5.0
애둘,5.0
애국,5.0
자영,5.0
고작,5.0
처리,5.0
자살률,5.0
안나,5.0
계약,5.0
계획,5.0
명임,5.0
자도,5.0
자고,5.0
명당,5.0
멀리,5.0
죄책감,5.0
일억,5.0
답습,5.0
오빠,5.0
오전,5.0
감기,5.0
동료,5.0
와우,5.0
후반,5.0
독박,5.0
독립,5.0
당신,5.0
영향,5.0
가치,5.0
도대체,5.0
의원,5.0
더더,5.0
유모차,5.0
유아,5.0
희망,5.0
가구,5.0
커리어,5.0
들보,5.0
어기,5.0
엄빠,5.0
마감,5.0
일만,5.0
는걸,5.0
혹시,5.0
언론,5.0
추천,5.0
거부,5.0
파악,5.0
고해,5.0
투표,5.0
라면,5.0
파격,5.0
출퇴근,5.0
여러,5.0
특별,5.0
여력,5.0
취급,5.0
다행,5.0
업자,5.0
고요,5.0
한숨,5.0
소득,5.0
구나,5.0
한장,5.0
배려,5.0
전혀,5.0
방향,5.0
전부,5.0
할머니,5.0
지속,5.0
숫자,5.0
소수,5.0
전교생,5.0
관리,5.0
발달,5.0
지인,5.0
수도,5.0
저리,5.0
지경,5.0
선생,5.0
젊은이,5.0
나때,5.0
부정,5.0
조건,5.0
사용,5.0
산부인과,5.0
주의,5.0
극복,5.0
그룹,5.0
본질,5.0
살이,5.0
그대로,5.0
주택,5.0
복귀,5.0
픽업,5.0
학부모,5.0
보시,5.0
과연,5.0
대신,5.0
장면,5.0
시점,5.0
질문,5.0
공무원,5.0
작년,5.0
시반,5.0
스트레스,5.0
바로,5.0
식이,4.0
코로나,4.0
식당,4.0
북한,4.0
외국인,4.0
주지,4.0
실제,4.0
말로,4.0
콘돔,4.0
삽질,4.0
집착,4.0
상상,4.0
오지,4.0
동시,4.0
보험,4.0
심각,4.0
상이,4.0
둥이,4.0
이자,4.0
보조,4.0
살인,4.0
욕심,4.0
주제,4.0
정리,4.0
분배,4.0
분야,4.0
불평,4.0
조장,4.0
참고,4.0
빡세,4.0
육휴,4.0
을해,4.0
대학교,4.0
원래,4.0
빨래,4.0
목적,4.0
무엇,4.0
무한,4.0
주위,4.0
우리엄마,4.0
제공,4.0
신청,4.0
용이,4.0
살길,4.0
이내,4.0
정상,4.0
등원,4.0
싱글,4.0
추가,4.0
언니,4.0
전적,4.0
전업,4.0
진행,4.0
청소,4.0
안심,4.0
재택근무,4.0
입양,4.0
입사,4.0
양질,4.0
양육비,4.0
마지막,4.0
저학년,4.0
저하,4.0
발전,4.0
스스로,4.0
바보,4.0
진급,4.0
저절로,4.0
체감,4.0
직원,4.0
리가,4.0
지도,4.0
이직,4.0
슬픔,4.0
체력,4.0
열정,4.0
연애,4.0
집안,4.0
생계,4.0
베이비,4.0
중이,4.0
범죄자,4.0
생색,4.0
접수,4.0
또한,4.0
똑바로,4.0
집사,4.0
절실,4.0
인스타,4.0
인식,4.0
중후,4.0
쥬니어,4.0
시도,4.0
무시,4.0
승진,4.0
무기,4.0
민영화,4.0
그동안,4.0
갈수,4.0
가즈,4.0
년월,4.0
통계,4.0
페이지,4.0
년후,4.0
해당,4.0
강요,4.0
굳이,4.0
나비,4.0
당첨,4.0
과거,4.0
피곤,4.0
고려,4.0
구조,4.0
다만,4.0
금전,4.0
퇴직,4.0
단지,4.0
프로,4.0
구축,4.0
활성화,4.0
곳도,4.0
갈라치,4.0
하트,4.0
하하,4.0
격공,4.0
난임,4.0
표현,4.0
훨훨,4.0
경험,4.0
평균,4.0
특혜,4.0
과외,4.0
나나,4.0
기억,4.0
누군가,4.0
그때,4.0
화가,4.0
기회,4.0
필수,4.0
가끔,4.0
공백,4.0
공립,4.0
광고,4.0
기전,4.0
대도,4.0
터보,4.0
개인주의,4.0
관계,4.0
근무시간,4.0
고양이,4.0
폐업,4.0
포함,4.0
대가리,4.0
노예,4.0
정답,3.0
게시,3.0
감동,3.0
검진,3.0
차도,3.0
어르신,3.0
정자,3.0
일어나서,3.0
못구,3.0
양가,3.0
상관,3.0
차별,3.0
정권,3.0
양립,3.0
뭐해,3.0
너희,3.0
집중,3.0
상전,3.0
어려움,3.0
게다가,3.0
물질,3.0
생기지,3.0
차려,3.0
상임,3.0
내집마련,3.0
병설,3.0
와이프,3.0
요기,3.0
전전긍긍,3.0
외양간,3.0
임기,3.0
한편,3.0
매달,3.0
센터,3.0
교대,3.0
퍼센트,3.0
맘충,3.0
와중,3.0
요새,3.0
전문가,3.0
소아,3.0
경계,3.0
전가,3.0
경기도,3.0
경단,3.0
초딩,3.0
성장,3.0
외벌,3.0
전체,3.0
노동시간,3.0
채용,3.0
한몫,3.0
모양,3.0
이사,3.0
절절,3.0
구성원,3.0
선거,3.0
호구,3.0
몇개,3.0
절로,3.0
노동,3.0
절대로,3.0
명도,3.0
명대,3.0
선진국,3.0
멸종,3.0
면제,3.0
왜케,3.0
영향력,3.0
살집,3.0
얼집,3.0
피임,3.0
졸라,3.0
나랏일,3.0
일과,3.0
피드,3.0
거임,3.0
언급,3.0
긍정,3.0
비정규직,3.0
어플,3.0
비혼,3.0
빌라,3.0
인건비,3.0
증원,3.0
건강,3.0
확충,3.0
나은,3.0
지나,3.0
조성,3.0
여러분,3.0
여동생,3.0
조사,3.0
기분,3.0
부러,3.0
하노,3.0
복합,3.0
부서,3.0
복구,3.0
홍보,3.0
인상,3.0
기침,3.0
업체,3.0
기적,3.0
보이지,3.0
홀로,3.0
분석,3.0
보너스,3.0
보기,3.0
중국인,3.0
혼인,3.0
거듭,3.0
불가능,3.0
조선,3.0
금액,3.0
미리,3.0
남여,3.0
바이러스,3.0
영역,3.0
영유,3.0
남탓,3.0
근로,3.0
산다,3.0
폭등,3.0
바깥,3.0
적극,3.0
민폐,3.0
민족,3.0
민원,3.0
유전자,3.0
산후,3.0
어머님,3.0
예비,3.0
극단,3.0
학급,3.0
미만,3.0
박살,3.0
남성,3.0
개반,3.0
호주,3.0
조만간,3.0
사건,3.0
금방,3.0
이혼,3.0
사기,3.0
낙태,3.0
밥줘,3.0
일부,3.0
표정,3.0
사업,3.0
지적,3.0
어우,3.0
지지,3.0
환자,3.0
근로자,3.0
강제,3.0
반드시,3.0
지하철,3.0
남매,3.0
만료,3.0
명절,3.0
우주,3.0
재난,3.0
안남,3.0
다문화,3.0
아마,3.0
가라,3.0
위로,3.0
도시화,3.0
운동장,3.0
허리,3.0
입학식,3.0
가점,3.0
공익,3.0
운영,3.0
취직,3.0
의대,3.0
티비,3.0
자원,3.0
고딩,3.0
타고,3.0
실상,3.0
헛소리,3.0
공장,3.0
가도,3.0
축하,3.0
래야,3.0
런가,3.0
저건,3.0
덕분,3.0
저걸,3.0
능지,3.0
실정,3.0
공짜,3.0
장애,3.0
도우미,3.0
퀄리티,3.0
돈줄,3.0
단어,3.0
시험관,3.0
동물,3.0
은행,3.0
잠시,3.0
아이돌,3.0
잎새,3.0
식사,3.0
가격,3.0
컨텐츠,3.0
단발,3.0
가슴,3.0
만남,3.0
시발,3.0
워낙,3.0
고통,3.0
잡고,3.0
돈버느,3.0
신규,3.0
가사,3.0
웁니,3.0
장난,3.0
울음소리,3.0
딩크,3.0
케이스,3.0
아시,3.0
딩크족,3.0
따라서,3.0
월생,3.0
도하,3.0
더욱더,3.0
시행,3.0
쌍둥이,3.0
자살율,3.0
수순,3.0
저번,3.0
마찬가지,3.0
뉴욕,3.0
대디,3.0
마치,3.0
허용,3.0
과잉,3.0
최대,3.0
임종,3.0
대요,3.0
관련,3.0
마당,3.0
자발,3.0
대리,3.0
대학원,3.0
용도,3.0
대의,3.0
쌍방울,3.0
알바,3.0
대비,3.0
만날,3.0
누나,3.0
막내,3.0
로봇,3.0
마트,3.0
아내,3.0
행동,2.0
일반,2.0
부산,2.0
행사,2.0
골든타임,2.0
사람과,2.0
신설,2.0
홍콩,2.0
주변인,2.0
조마조마,2.0
주목,2.0
기피,2.0
일본도,2.0
사과,2.0
주머니,2.0
신분,2.0
조리,2.0
불구,2.0
아야,2.0
글자,2.0
골목,2.0
부들부들,2.0
잘만,2.0
주시,2.0
자각,2.0
어이,2.0
건뎁,2.0
부로,2.0
고기,2.0
사용자,2.0
근처,2.0
일부러,2.0
사실혼,2.0
하향,2.0
글쎄,2.0
제화,2.0
건데,2.0
길거리,2.0
신경안,2.0
하드,2.0
고함,2.0
주부,2.0
하든,2.0
사무실,2.0
싸움,2.0
싱글맘,2.0
고모부,2.0
고학년,2.0
하루하루,2.0
헤드라인,2.0
억지로,2.0
분명,2.0
좌절,2.0
심리,2.0
비도,2.0
하원시,2.0
비뀌어,2.0
거인,2.0
기기,2.0
고용노동부,2.0
기업체,2.0
존재,2.0
분산,2.0
자본주의,2.0
존중,2.0
실업,2.0
졸속,2.0
기술,2.0
자산,2.0
자살,2.0
거보,2.0
자서,2.0
종북좌파,2.0
실직자,2.0
불만,2.0
불가,2.0
실례,2.0
하위,2.0
부자,2.0
고마움,2.0
조선족,2.0
고도화,2.0
신체,2.0
자라,2.0
빵빵,2.0
금지,2.0
십년,2.0
호혜,2.0
빡센데,2.0
아보,2.0
기준,2.0
금지법,2.0
조온나,2.0
빠듯하,2.0
고서,2.0
개편,2.0
인천,2.0
심정,2.0
신축,2.0
어케,2.0
신혼,2.0
빈자리,2.0
자립,2.0
고등학생,2.0
일다,2.0
억울,2.0
급등,2.0
손주,2.0
산업,2.0
제의,2.0
해답,2.0
순번,2.0
한순간,2.0
엉망,2.0
경은,2.0
일주일,2.0
수행,2.0
수출,2.0
선언,2.0
제외,2.0
절감,2.0
공항,2.0
해고,2.0
형식,2.0
현직,2.0
입시,2.0
구글,2.0
일조,2.0
절반,2.0
선동,2.0
경쟁률,2.0
구지,2.0
현역,2.0
재택,2.0
일절,2.0
서민,2.0
스케줄,2.0
야당,2.0
서서히,2.0
일제,2.0
해법,2.0
경향,2.0
현저,2.0
잼버리,2.0
구역,2.0
경제력,2.0
선호,2.0
설거지,2.0
전학,2.0
할배,2.0
소득세,2.0
임원진,2.0
함정,2.0
소름,2.0
함부로,2.0
광역시,2.0
임시,2.0
전국,2.0
함남,2.0
관리자,2.0
전과,2.0
적임,2.0
경로,2.0
솜방망이,2.0
앞뒤,2.0
압박,2.0
입법,2.0
일터,2.0
수두,2.0
전체주의,2.0
성비,2.0
형님,2.0
입소,2.0
결사,2.0
세계,2.0
한쪽,2.0
수록,2.0
세기,2.0
애마,2.0
수로,2.0
한해,2.0
전액,2.0
전세계,2.0
세탁기,2.0
한다해,2.0
구체,2.0
생활비,2.0
근대,2.0
시벌,2.0
공략,2.0
극혐,2.0
장기,2.0
아줌마,2.0
시로,2.0
일수,2.0
어머,2.0
공론,2.0
그림자,2.0
그림,2.0
살때,2.0
살살,2.0
해주시,2.0
일쑤,2.0
극히,2.0
제도로,2.0
시급,2.0
제로,2.0
잠깐,2.0
핵공,2.0
핵가족,2.0
사춘기,2.0
사치,2.0
제시,2.0
아저씨,2.0
사형제,2.0
공급,2.0
시세,2.0
사회생활,2.0
어서,2.0
제만,2.0
해지,2.0
시부모,2.0
규제,2.0
현금,2.0
스타,2.0
정보,2.0
일인,2.0
군데,2.0
게이트,2.0
학폭,2.0
국적,2.0
악화,2.0
재미,2.0
생도,2.0
국세,2.0
안고,2.0
생산,2.0
안구,2.0
양보,2.0
정규직,2.0
양반,2.0
상환,2.0
정사,2.0
권장,2.0
상탠데,2.0
시간대,2.0
정이지,2.0
상당수,2.0
공식,2.0
정원,2.0
정예,2.0
공약,2.0
상사,2.0
해외여행,2.0
학비,2.0
해외,2.0
걸음,2.0
권고사직,2.0
장창,2.0
습성,2.0
길이,2.0
자동,2.0
엉엉,2.0
내시,2.0
요한,2.0
요하,2.0
요양원,2.0
논의,2.0
논밭,2.0
체적,2.0
요소,2.0
팩트,2.0
망치,2.0
이따,2.0
매경,2.0
퍼주,2.0
이란,2.0
이름,2.0
매월,2.0
매직,2.0
노산,2.0
노비,2.0
페이,2.0
만큼,2.0
높이,2.0
각오,2.0
판매,2.0
가치관,2.0
우려,2.0
최근,2.0
판단,2.0
마냥,2.0
마는,2.0
총회,2.0
이기,2.0
눈앞,2.0
만일해,2.0
이기주의,2.0
마인드,2.0
이나라,2.0
각심,2.0
만기,2.0
용기,2.0
이돈,2.0
만요,2.0
노동환,2.0
멀더,2.0
노동자,2.0
평준화,2.0
널리,2.0
차원,2.0
차안,2.0
무료,2.0
무상교육,2.0
무서움,2.0
갈수록,2.0
감각,2.0
오직,2.0
온라인,2.0
이애,2.0
문구,2.0
문제점,2.0
감정,2.0
문턱,2.0
내지,2.0
오백만원,2.0
징병제,2.0
온건,2.0
못내,2.0
후배,2.0
명령,2.0
메시지,2.0
멤버,2.0
며칠,2.0
노동시장,2.0
이미지,2.0
외동,2.0
멸망,2.0
노동량,2.0
명명,2.0
몸살,2.0
처음,2.0
갈라,2.0
몇번,2.0
책임감,2.0
모성애,2.0
모임,2.0
네오,2.0
찬성,2.0
후회,2.0
로써,2.0
로서,2.0
담대,2.0
타격,2.0
도로,2.0
도록,2.0
키즈,2.0
가보,2.0
가부장,2.0
콧물,2.0
윤택,2.0
코앞,2.0
윗사람,2.0
독려,2.0
월세,2.0
독일,2.0
통장,2.0
원주고,2.0
돈벌이,2.0
원장,2.0
은애,2.0
데이터,2.0
타오,2.0
통화,2.0
터울,2.0
가기,2.0
태반,2.0
유연,2.0
유학,2.0
흡수,2.0
유실,2.0
대초,2.0
대충,2.0
대폭,2.0
던데,2.0
유세,2.0
유한양행,2.0
대구,2.0
대화,2.0
유모,2.0
가능성,2.0
유니폼,2.0
가다가,2.0
커플,2.0
커버,2.0
로만,2.0
의자,2.0
운동,2.0
가정당,2.0
출장,2.0
티켓팅,2.0
다그,2.0
라야,2.0
님들,2.0
라이드,2.0
우위,2.0
의식,2.0
늬들,2.0
런던,2.0
의지,2.0
축구,2.0
레알,2.0
추첨,2.0
추억,2.0
훌쩍,2.0
틈새,2.0
층간소음,2.0
투기,2.0
워킹,2.0
커녕,2.0
동창,2.0
캠페인,2.0
된거,2.0
칼퇴,2.0
가스,2.0
뒷받침,2.0
투입,2.0
듯이,2.0
응원,2.0
가시,2.0
다한,2.0
등록금,2.0
울타리,2.0
치부,2.0
따위,2.0
치면,2.0
치기,2.0
물이,2.0
명정,2.0
법도,2.0
직장인,2.0
강화,2.0
나니,2.0
지고,2.0
프리,2.0
반영,2.0
반성,2.0
피해,2.0
반면,2.0
여자도,2.0
여유도,2.0
강원도,2.0
이지,2.0
백퍼,2.0
이정,2.0
발견,2.0
바퀴,2.0
백화점,2.0
남탓애,2.0
줄줄이,2.0
별것,2.0
바바,2.0
영진,2.0
플랫폼,2.0
여가,2.0
즐거움,2.0
나가야,2.0
확률,2.0
바라지,2.0
지자체,2.0
화해,2.0
보지,2.0
낙후,2.0
병역,2.0
배우,2.0
개꿀,2.0
배우자,2.0
나하,2.0
연결,2.0
피크,2.0
병행,2.0
보건복지부,2.0
방책,2.0
환대,2.0
여당,2.0
병가,2.0
난국,2.0
표시,2.0
지아,2.0
이하,2.0
중고,2.0
인도,2.0
연봉,2.0
지난,2.0
집차,2.0
발언,2.0
발령,2.0
여기저기,2.0
여자애,2.0
발등,2.0
보모,2.0
보조금,2.0
활용,2.0
옆집,2.0
중학생,2.0
확보,2.0
엎는대신,2.0
여보,2.0
본능,2.0
미로,2.0
포스코,2.0
집들이,2.0
하교,2.0
미디어,2.0
미군,2.0
꼬셔봤자,2.0
본적,2.0
내근,2.0
꼬박꼬박,2.0
하나로,2.0
봉인,2.0
내기,2.0
나리,2.0
내내,2.0
내년,2.0
내면,2.0
주장,2.0
오라,2.0
주자,2.0
뭐함,2.0
나름,2.0
뭐임,2.0
예정,2.0
이용권,2.0
꼰대,2.0
나사,2.0
개별,2.0
밀리,2.0
즈그,2.0
예견,2.0
인사,2.0
별개,2.0
민낯,2.0
변화,2.0
포트,2.0
버스,2.0
필드,2.0
꼴찌,2.0
포스팅,2.0
배달,2.0
꼰대들,2.0
예상,2.0
인대,2.0
이웃,2.0
예약,2.0
베이비부머,2.0
미약,2.0
번다,2.0
변치,2.0
혼밥,1.0
휴먼,1.0
응급,1.0
혼도,1.0
응모,1.0
인내심,1.0
헬입니,1.0
있을껍니,1.0
인형,1.0
음저,1.0
음서,1.0
응급실,1.0
음식점,1.0
잉거,1.0
혁신,1.0
일어나고,1.0
휴식,1.0
윤가,1.0
자금,1.0
인물,1.0
휴학,1.0
인지,1.0
화천,1.0
육아용품,1.0
인성,1.0
헌신,1.0
인세,1.0
인적,1.0
흐흐,1.0
육남매,1.0
유효,1.0
인센티브,1.0
인스,1.0
허헛,1.0
자너,1.0
유한,1.0
유치원교사,1.0
유치,1.0
화상,1.0
자극,1.0
윤리,1.0
허허벌판,1.0
인류,1.0
잉태,1.0
을시,1.0
인동,1.0
은줄,1.0
혼인신고,1.0
은영,1.0
은나라,1.0
은꼴,1.0
자격,1.0
자격증,1.0
휴전,1.0
은근,1.0
윰차,1.0
헝가리,1.0
의거,1.0
혼혈,1.0
율도,1.0
자궁,1.0
인턴,1.0
화천군,1.0
인터뷰,1.0
자구,1.0
이군,1.0
휴게소,1.0
후니,1.0
황정민,1.0
이산가족,1.0
이빈,1.0
이보,1.0
형용,1.0
이웃집,1.0
인스타그램,1.0
효자,1.0
이민오,1.0
이익,1.0
활짝,1.0
후발,1.0
휠체어,1.0
일짤릴,1.0
형성,1.0
일체,1.0
일학년,1.0
이명,1.0
이전,1.0
형량,1.0
이정표,1.0
호텔,1.0
이마,1.0
임대,1.0
효가,1.0
횡령,1.0
이상은,1.0
횟수,1.0
이용,1.0
이외,1.0
일어나지,1.0
이어진,1.0
형편,1.0
이어도,1.0
회복,1.0
회식,1.0
일임,1.0
회임,1.0
회귀,1.0
이슬람,1.0
이스라엘,1.0
형태,1.0
형제,1.0
회장,1.0
이소리,1.0
호기심,1.0
일시,1.0
이서,1.0
호들갑,1.0
일전,1.0
이생,1.0
임대주택,1.0
이집,1.0
이력서,1.0
인간관계,1.0
입성,1.0
인간성,1.0
인간혐오,1.0
이글,1.0
이구,1.0
후쿠마,1.0
훈육,1.0
이거봥,1.0
확정,1.0
의향,1.0
혼구,1.0
혼기,1.0
인계,1.0
확인,1.0
인공,1.0
일관,1.0
인공수정,1.0
현수막,1.0
의욕,1.0
의식주,1.0
인과,1.0
휘둘림,1.0
있드,1.0
현행,1.0
후진국,1.0
협조,1.0
임지원,1.0
협동,1.0
임반,1.0
이쯤,1.0
임부,1.0
이착륙,1.0
혈압,1.0
혈안,1.0
이드,1.0
이케아,1.0
후보,1.0
이편,1.0
호통,1.0
이동,1.0
환멸,1.0
임심,1.0
이노,1.0
임연,1.0
일만해,1.0
후손,1.0
환갑,1.0
익스,1.0
임육,1.0
이기만,1.0
태준,1.0
학교폭력,1.0
허울,1.0
차고,1.0
편입,1.0
채집,1.0
편중,1.0
채도,1.0
참전용사,1.0
참마,1.0
참내,1.0
참고인,1.0
평균연령,1.0
찬밥,1.0
착용,1.0
차피,1.0
차임,1.0
평수,1.0
차만,1.0
차로,1.0
차례,1.0
차량,1.0
평이,1.0
평일,1.0
차등,1.0
차내,1.0
차관,1.0
책상,1.0
편이,1.0
편안함,1.0
펑펑,1.0
패치,1.0
패턴,1.0
초년,1.0
체코,1.0
체육복,1.0
체육관,1.0
팩폭,1.0
청춘,1.0
퍼주지,1.0
퍽퍽,1.0
청문회,1.0
페해,1.0
페미니즘,1.0
첫날,1.0
첫걸음,1.0
철수,1.0
천지,1.0
천재,1.0
천원,1.0
천사,1.0
천문학,1.0
천만,1.0
평화,1.0
짤리,1.0
팔짝,1.0
짤렸는데,1.0
직전,1.0
퐈이팅,1.0
직시,1.0
지해,1.0
지하,1.0
지출,1.0
표밭,1.0
지정도,1.0
지장,1.0
표심,1.0
지음,1.0
지은,1.0
푸네,1.0
푸신,1.0
풀칠,1.0
지불,1.0
지보면,1.0
풀타임,1.0
지배,1.0
프랜차이즈,1.0
지름,1.0
프레,1.0
프레임,1.0
퐁퐁,1.0
직할,1.0
폭탄,1.0
집값좀,1.0
짜증,1.0
징징,1.0
징조,1.0
징벌,1.0
집옆,1.0
집밑,1.0
포도청,1.0
집단,1.0
집깂,1.0
집권,1.0
집값때매,1.0
진동,1.0
포커스,1.0
질의,1.0
진행중,1.0
진차,1.0
진짴너무,1.0
진짜루,1.0
진즉,1.0
진정,1.0
폭망,1.0
진리,1.0
패스,1.0
팔지,1.0
지니,1.0
투자,1.0
크루즈,1.0
통계청,1.0
콘크리트,1.0
통원,1.0
통일,1.0
통잠잣,1.0
케바케,1.0
케리,1.0
컷음,1.0
통째,1.0
컴퓨터,1.0
컴온,1.0
통학,1.0
컨디션,1.0
커피,1.0
통합,1.0
커리어우먼,1.0
캬캬캬,1.0
캠핑,1.0
캐나다,1.0
투닥투닥,1.0
카페나,1.0
카페,1.0
통감,1.0
크리에이터,1.0
토종,1.0
테린,1.0
택시,1.0
태민,1.0
태도,1.0
태그,1.0
탕감,1.0
탓합,1.0
터널,1.0
탓임,1.0
탈락,1.0
텅텅,1.0
탁상공론,1.0
키자니,1.0
토끼띠,1.0
토론,1.0
타일러,1.0
토양,1.0
타인,1.0
타이트,1.0
타요,1.0
타당,1.0
토요일,1.0
타개,1.0
카이,1.0
카운트,1.0
초래,1.0
카드,1.0
축복,1.0
추후,1.0
추락,1.0
파주,1.0
최전선,1.0
최저,1.0
파트,1.0
파트타임,1.0
최소한,1.0
판결,1.0
최선,1.0
최대한,1.0
촬영,1.0
총선,1.0
촌데,1.0
판박이,1.0
초콜릿,1.0
초초,1.0
판이,1.0
초입,1.0
초인종,1.0
초월,1.0
팔로우,1.0
출근시간,1.0
출금,1.0
파이팅,1.0
츌생율,1.0
투자가,1.0
칭찬,1.0
칫솔질,1.0
툭툭,1.0
친청,1.0
튀어,1.0
특강,1.0
치료,1.0
치과,1.0
측면,1.0
취학,1.0
파멸,1.0
취침,1.0
취업률,1.0
특공,1.0
특례,1.0
특정,1.0
충격,1.0
춠근하,1.0
출휴,1.0
출혈,1.0
출퇴근시간,1.0
지대,1.0
지남,1.0
자마자,1.0
저조,1.0
한텐,1.0
전인,1.0
전이,1.0
할랭,1.0
전생,1.0
전반,1.0
전문직,1.0
전만,1.0
전락,1.0
전기,1.0
전공,1.0
적화통일,1.0
적지,1.0
적용,1.0
적도,1.0
적금,1.0
함년후헬,1.0
저축,1.0
저쪽,1.0
저쩌구,1.0
합계출산율,1.0
합리,1.0
항목,1.0
한치,1.0
한지,1.0
전철,1.0
점수,1.0
정리정돈,1.0
학처,1.0
정년,1.0
한낮,1.0
정기,1.0
정관,1.0
접힐텐데,1.0
점심시간,1.0
한마디,1.0
점심,1.0
점도,1.0
한중일,1.0
한명인,1.0
절벽,1.0
절명,1.0
한인,1.0
전환,1.0
한일,1.0
전형,1.0
한정,1.0
전투,1.0
전통,1.0
저지,1.0
항의,1.0
학윈비,1.0
저장,1.0
잔업,1.0
잔소리,1.0
작품,1.0
핸폰새키,1.0
작용,1.0
작성,1.0
행복감,1.0
행복한나라,1.0
자퇴,1.0
자치구,1.0
행위,1.0
자존심,1.0
행정공제회,1.0
자재,1.0
자유도,1.0
행정부,1.0
향기,1.0
허들,1.0
자업자득,1.0
허락,1.0
허세,1.0
자멸,1.0
허영만,1.0
핵심,1.0
잠옷,1.0
잠자리,1.0
재벌,1.0
저렴,1.0
저녁식사,1.0
해대,1.0
저금,1.0
해먹,1.0
재호,1.0
재학,1.0
재택할,1.0
재정,1.0
재산,1.0
재밋다,1.0
잠좀,1.0
해야겤,1.0
재물,1.0
재끼,1.0
재건,1.0
장만,1.0
해이,1.0
장래희망,1.0
장기전,1.0
잡지,1.0
해피,1.0
정반대,1.0
학업,1.0
지금껏,1.0
죄임,1.0
피해망상,1.0
줄때,1.0
피해자,1.0
줄돈,1.0
핀잔,1.0
줄기,1.0
죽겄는데,1.0
주차장,1.0
핑계,1.0
주차,1.0
주임,1.0
하늘,1.0
하다솜,1.0
하단,1.0
주사,1.0
하디,1.0
주민,1.0
하란,1.0
주도,1.0
주단,1.0
주간,1.0
하래,1.0
하루살이,1.0
줄리,1.0
줄폐,1.0
줌더,1.0
중임,1.0
지게,1.0
지갑,1.0
지각,1.0
증축,1.0
증명,1.0
즈음,1.0
플러스,1.0
줫음,1.0
줫으,1.0
중화인민공화국,1.0
플러팅,1.0
줌마,1.0
중요시,1.0
중요,1.0
피드들,1.0
중산층,1.0
중반,1.0
중때,1.0
중딩,1.0
중도,1.0
중국,1.0
중간,1.0
주가,1.0
하물며,1.0
학습지도,1.0
종혁,1.0
젤리,1.0
제한,1.0
제조업,1.0
제정,1.0
제재,1.0
제야,1.0
제안,1.0
제사,1.0
젖병,1.0
정해진,1.0
정해,1.0
정치권,1.0
정치계,1.0
태아,1.0
학기,1.0
정지,1.0
학대,1.0
학때,1.0
학력,1.0
정시,1.0
정선,1.0
정서,1.0
학사,1.0
조가,1.0
조기,1.0
조기진통,1.0
존망,1.0
하미,1.0
종종,1.0
종이,1.0
종내,1.0
졸웃,1.0
하방,1.0
하숙,1.0
존잘,1.0
존예,1.0
존속,1.0
존립,1.0
조달,1.0
존경,1.0
조혜진,1.0
조카,1.0
조치,1.0
조직,1.0
조중동,1.0
조정,1.0
하정훈,1.0
조심,1.0
하진,1.0
유정,1.0
시안,1.0
유입,1.0
노오,1.0
도안,1.0
도오,1.0
도입,1.0
도저히,1.0
도정,1.0
도착,1.0
도태,1.0
독립성,1.0
돈굴,1.0
돈대,1.0
돈더,1.0
돈돈,1.0
돈른,1.0
동거,1.0
동기부여,1.0
도발,1.0
도미,1.0
도무지,1.0
더욱이,1.0
대중교통,1.0
대처,1.0
대판,1.0
대후,1.0
댄싱퀸,1.0
더라도,1.0
더재밋음,1.0
도리,1.0
던디,1.0
덧글,1.0
덩생,1.0
뎃글들,1.0
도나,1.0
도둑,1.0
동남아,1.0
동동,1.0
동두천,1.0
딸바보,1.0
디폴트,1.0
딩글족들,1.0
따름,1.0
따윈,1.0
딱지,1.0
딸년,1.0
딸셋,1.0
등급,1.0
딸일,1.0
딸피,1.0
땅떵이,1.0
때로는,1.0
때매,1.0
때메,1.0
디스크,1.0
등교,1.0
동물병원,1.0
돼지,1.0
동물원,1.0
동연,1.0
동우,1.0
동의,1.0
동참,1.0
동탄,1.0
되버렀네,1.0
듣기,1.0
둑으,1.0
둘일때,1.0
둥이맘,1.0
뒷돈,1.0
뒷동산,1.0
드립,1.0
대전,1.0
대응,1.0
대우,1.0
다둥맘,1.0
능이,1.0
니드,1.0
닉값,1.0
다기,1.0
다년,1.0
다달이,1.0
다비,1.0
늙은이,1.0
다샛어,1.0
다세,1.0
다수,1.0
다시키,1.0
다운,1.0
다재,1.0
능률,1.0
늙다리,1.0
다큐,1.0
농담,1.0
노조,1.0
노출,1.0
노화도,1.0
녹색,1.0
논리,1.0
놀수,1.0
농민,1.0
뉴비,1.0
높힌,1.0
놨는데,1.0
누굴,1.0
누리,1.0
눈팅,1.0
눙물,1.0
다처,1.0
다혜,1.0
대서,1.0
대니,1.0
당진,1.0
당한,1.0
당황,1.0
대감,1.0
대결,1.0
대구시,1.0
대다수,1.0
담소,1.0
대답,1.0
대두,1.0
대면,1.0
대박,1.0
대변,1.0
대상,1.0
답글,1.0
담생,1.0
닥치,1.0
단언컨대,1.0
닥치고,1.0
단독주택,1.0
단상,1.0
단성,1.0
단속,1.0
단순,1.0
단촐,1.0
담달,1.0
단칸,1.0
달라쟈,1.0
달라짐,1.0
달러,1.0
달빛,1.0
달이,1.0
떨어트려,1.0
떼잉,1.0
또래집단,1.0
무도,1.0
몽충몽충한,1.0
무게,1.0
무관,1.0
무관심,1.0
무급,1.0
무난,1.0
무르,1.0
몰수,1.0
무릎,1.0
무마,1.0
무산,1.0
무상,1.0
무식,1.0
무자녀세,1.0
못하겟다,1.0
몰루,1.0
무지,1.0
모순,1.0
명일,1.0
명중,1.0
몇몇,1.0
모듈,1.0
모래밭,1.0
모성,1.0
모야,1.0
몰래,1.0
모태솔로,1.0
모하,1.0
모험,1.0
목구멍,1.0
목요일,1.0
목욕,1.0
무자식,1.0
무직,1.0
명예,1.0
믹스,1.0
미숙,1.0
미스터,1.0
미움,1.0
미쳤넹,1.0
미취,1.0
미혼모,1.0
민의,1.0
미려,1.0
민주주의,1.0
밀도,1.0
밀집,1.0
밑펫테,1.0
바가지,1.0
바글,1.0
미세먼지,1.0
미래세,1.0
묵힐끼,1.0
물어,1.0
문밖,1.0
문제해결,1.0
문죄인,1.0
문화생활,1.0
물건,1.0
물고기,1.0
물품,1.0
뮹클,1.0
뭐시기,1.0
뭐하겟음,1.0
뭐합,1.0
뭔갈,1.0
뭣같,1.0
뭣모르,1.0
명이엇음,1.0
명안,1.0
또르르,1.0
로라,1.0
레전드,1.0
레카,1.0
렛츠기릿,1.0
려고,1.0
령도,1.0
로또,1.0
리도,1.0
레디,1.0
리셋,1.0
리얼,1.0
리자,1.0
리조트,1.0
리지,1.0
리하,1.0
레볼루숑,1.0
런오픈런오픈런,1.0
링겔,1.0
라나,1.0
똥글,1.0
뚜껑,1.0
띄엄띄엄,1.0
띠용,1.0
띵똥이,1.0
라가,1.0
라며,1.0
래리럽,1.0
라서,1.0
라이,1.0
라일,1.0
라지,1.0
란걸,1.0
랍시고,1.0
린다,1.0
마도,1.0
멸종위기,1.0
머리카락,1.0
망삘,1.0
매가,1.0
매물도,1.0
매스컴,1.0
매체,1.0
매칭,1.0
먹기,1.0
말함,1.0
멋쨍,1.0
며느리,1.0
면도,1.0
면전,1.0
면허,1.0
멸국,1.0
맘일,1.0
말하냨,1.0
마등,1.0
만달라,1.0
마르고,1.0
마음껏,1.0
마주,1.0
마켓,1.0
막막,1.0
만년,1.0
만삭,1.0
말제,1.0
만약,1.0
만일,1.0
만자,1.0
만족,1.0
많을껄,1.0
말세,1.0
노인도,1.0
노릇,1.0
유연근무제,1.0
노령화,1.0
경로당,1.0
경비실,1.0
경제체제,1.0
경직,1.0
계란후라이,1.0
계량,1.0
계솓,1.0
계시,1.0
계장,1.0
계정,1.0
계층,1.0
고가,1.0
고대로,1.0
고려인,1.0
고령화사회,1.0
경각,1.0
결혼식,1.0
결코,1.0
겨를,1.0
건재,1.0
건축,1.0
걸상,1.0
걸왜,1.0
게다,1.0
게더,1.0
겨자,1.0
결정,1.0
격공입니,1.0
격었으,1.0
견해,1.0
결근,1.0
결론,1.0
결심,1.0
고립,1.0
고비,1.0
고사리,1.0
공이,1.0
공교육,1.0
공기,1.0
공동,1.0
공사,1.0
공산,1.0
공유,1.0
공인,1.0
공공기관,1.0
공제,1.0
공주,1.0
공통점,1.0
공평,1.0
공포,1.0
공화국,1.0
공과금,1.0
곪을,1.0
고삼,1.0
고지서,1.0
고속,1.0
고속도로,1.0
고오,1.0
고용,1.0
고장,1.0
고지,1.0
고집,1.0
골드미스,1.0
고충,1.0
고치,1.0
곡초,1.0
곤충,1.0
골격,1.0
골다공증,1.0
건설,1.0
건달,1.0
건국,1.0
간이,1.0
각각,1.0
각반,1.0
각자,1.0
간기,1.0
간날,1.0
간다,1.0
간호,1.0
가차,1.0
간호학,1.0
갈래,1.0
갈렵니,1.0
갈리,1.0
갈림길,1.0
감수,1.0
가해자,1.0
가집,1.0
감축,1.0
가성,1.0
가계,1.0
가까이,1.0
가나,1.0
가넝,1.0
가득,1.0
가바,1.0
가속,1.0
가지애,1.0
가쇼,1.0
가어,1.0
가운,1.0
가을,1.0
가입자,1.0
가정은,1.0
감염병,1.0
감히,1.0
거함,1.0
걔네,1.0
개쩌,1.0
개처,1.0
개체,1.0
개털,1.0
개판,1.0
걀혼,1.0
거가,1.0
개정,1.0
거꾸로,1.0
거도,1.0
거란,1.0
거셈,1.0
거절,1.0
거품,1.0
개조,1.0
개입,1.0
강당,1.0
개그맨,1.0
강도,1.0
강박,1.0
강사,1.0
강조,1.0
강졷히,1.0
개개인,1.0
개극혐,1.0
개월때,1.0
개량,1.0
개발,1.0
개방,1.0
개보,1.0
개빡센데,1.0
개뿔,1.0
과목,1.0
과장,1.0
과정,1.0
나왓음,1.0
나랏돈,1.0
나랏일하,1.0
나머지,1.0
나봄,1.0
나부,1.0
나선,1.0
나용,1.0
나누기,1.0
나유,1.0
나이스,1.0
나이키,1.0
나인,1.0
나타,1.0
낙오,1.0
나라꼬,1.0
나가요,1.0
난민,1.0
껀데,1.0
김대중,1.0
김성태,1.0
김영식,1.0
깔개,1.0
깜짝,1.0
깜찍이,1.0
꼬우,1.0
꿈속,1.0
꼭대기,1.0
꼰대같,1.0
꼴임,1.0
꼴통,1.0
꼽았으,1.0
꾸리,1.0
난둘,1.0
난소,1.0
기후,1.0
네시,1.0
냄새,1.0
냉큼,1.0
냨큐,1.0
너넨,1.0
너머,1.0
널린,1.0
넵둬,1.0
내일,1.0
넷째,1.0
년년,1.0
년때,1.0
년반,1.0
년안,1.0
년재,1.0
냄비,1.0
내야,1.0
난자,1.0
남초,1.0
난절,1.0
난주,1.0
날인,1.0
남녀공학,1.0
남발,1.0
남일,1.0
남한,1.0
내과,1.0
남혐민국,1.0
납치,1.0
납품,1.0
낫다,1.0
낯선,1.0
낳으몀,1.0
길가,1.0
기형,1.0
과징금,1.0
구이면,1.0
구가,1.0
구기,1.0
구명조끼,1.0
구박,1.0
구시대,1.0
구원,1.0
구존,1.0
교통사고,1.0
구청,1.0
구해,1.0
국부,1.0
국위,1.0
국정,1.0
국제,1.0
교포,1.0
교통,1.0
군수,1.0
광탈,1.0
과학,1.0
관공서,1.0
관념,1.0
관리소,1.0
관절,1.0
관짝,1.0
교권,1.0
교체,1.0
교복,1.0
교시,1.0
교육문제,1.0
교육부,1.0
교육청,1.0
교직원,1.0
국힘,1.0
군인,1.0
기표,1.0
기부,1.0
금쪽,1.0
급감,1.0
급증,1.0
기계로,1.0
기름값,1.0
기만,1.0
기선,1.0
금도,1.0
기여,1.0
기와,1.0
기왕,1.0
기용,1.0
기운,1.0
기타,1.0
금메달,1.0
글임,1.0
굴린,1.0
권유,1.0
궁극,1.0
궁리,1.0
권고,1.0
권력,1.0
권력자,1.0
권리,1.0
권한,1.0
글쎄요,1.0
균형,1.0
그날,1.0
그레,1.0
그려쥬시,1.0
그로,1.0
그야,1.0
바닥,1.0
바르게,1.0
바베큐,1.0
바삐,1.0
알파,1.0
압도,1.0
압력,1.0
압승했으,1.0
압축,1.0
앖다면서,1.0
애국심,1.0
애기야,1.0
애나,1.0
애낳으먄,1.0
애덜,1.0
애둘맘,1.0
애바앤데,1.0
애반,1.0
애밥,1.0
알유,1.0
알리,1.0
알때,1.0
악순환,1.0
아웃,1.0
아이디어,1.0
아이스크림,1.0
아이콘,1.0
아주머니,1.0
아홉시,1.0
악한,1.0
알고리즘,1.0
안녕,1.0
안이,1.0
안정감,1.0
안함,1.0
안해,1.0
않슺니,1.0
애안,1.0
애언렁,1.0
애완,1.0
어쩌면,1.0
어어어어,1.0
어째서,1.0
어쩌겠습,1.0
어쩌구,1.0
어쩌란거,1.0
어쩌려,1.0
어쩜,1.0
어린이병원,1.0
어케할것,1.0
어폐,1.0
어학,1.0
억지,1.0
언어,1.0
얼른,1.0
어머니,1.0
어린시절,1.0
애완동물,1.0
양극화,1.0
애좀,1.0
애착,1.0
애하,1.0
앵벌이,1.0
야기,1.0
약자,1.0
양심,1.0
어딘가,1.0
양쪽,1.0
양치,1.0
양해,1.0
어그,1.0
어깨,1.0
어도,1.0
아우성,1.0
아앜,1.0
아씨,1.0
시초,1.0
시민,1.0
시바,1.0
시야,1.0
시인,1.0
시일,1.0
시장,1.0
시킬껀데,1.0
시름,1.0
시행착오,1.0
식당가,1.0
식민지,1.0
식용,1.0
식품,1.0
신고,1.0
시마,1.0
시녀이야기,1.0
신문,1.0
슬퍼욬,1.0
스크랩,1.0
스타벅스,1.0
스탠,1.0
스톱,1.0
슬럼가,1.0
슬슬,1.0
슬펑,1.0
시내,1.0
습득,1.0
승마,1.0
승승장구,1.0
승완,1.0
승희,1.0
시각,1.0
신뢰,1.0
신발,1.0
아쉬움,1.0
썻음,1.0
실화,1.0
싫잖슴,1.0
심사,1.0
심양,1.0
심화,1.0
싱가폴,1.0
쓰겄노,1.0
실행,1.0
쓰기,1.0
아강,1.0
아노미,1.0
아두,1.0
아랑,1.0
아버님,1.0
실현,1.0
실태,1.0
신선,1.0
실버,1.0
신용,1.0
신전,1.0
신체검사,1.0
신혼집,1.0
실감,1.0
실력,1.0
실사판,1.0
실컷,1.0
실생활,1.0
실시,1.0
실아,1.0
실업률,1.0
실적,1.0
실직,1.0
엄마빠,1.0
엄정화,1.0
엄첨,1.0
우정,1.0
용호,1.0
우량,1.0
우르르,1.0
우상,1.0
우세,1.0
우열,1.0
우쭈쭈,1.0
용품,1.0
우크라이나,1.0
우파,1.0
운동화,1.0
운동회,1.0
운명,1.0
운용,1.0
용해,1.0
용용,1.0
운전기사,1.0
요구,1.0
외모,1.0
외식,1.0
외주,1.0
외지,1.0
외출,1.0
요가,1.0
요식업,1.0
용순,1.0
욕함,1.0
용감,1.0
용납,1.0
용돈,1.0
용띠,1.0
용선,1.0
운전,1.0
운정신도시,1.0
외로움,1.0
유미,1.0
위고,1.0
위란,1.0
위장결혼,1.0
위험,1.0
유교,1.0
유년,1.0
유보,1.0
웨이브,1.0
유부녀,1.0
유신,1.0
유아교육,1.0
유아기,1.0
유아라,1.0
유언,1.0
웹툰,1.0
월때,1.0
울림,1.0
원룸,1.0
울산,1.0
움직임,1.0
웃갸,1.0
웃프,1.0
웃픈,1.0
워킹먐,1.0
원만,1.0
원정출산,1.0
원망,1.0
원명,1.0
원문,1.0
원상,1.0
원서,1.0
원수,1.0
외면,1.0
외국어,1.0
업보,1.0
여성가족부,1.0
여러가지,1.0
여럿,1.0
여로,1.0
여버,1.0
여부,1.0
여섯시,1.0
여요,1.0
여권,1.0
여잗,1.0
여직원,1.0
여한,1.0
여행,1.0
역대,1.0
역적,1.0
여덟시,1.0
여가부,1.0
연년,1.0
엊그제,1.0
없드,1.0
없슴,1.0
엇을,1.0
엇음,1.0
엇쨋튼,1.0
엉덩이,1.0
에바,1.0
엘지,1.0
에보니,1.0
에프,1.0
에혀,1.0
엑스포,1.0
엔도,1.0
엘리베이터,1.0
연관,1.0
연달,1.0
외곽,1.0
옥터,1.0
오은영,1.0
오잉,1.0
오피스텔,1.0
오하,1.0
오후,1.0
옥죄,1.0
온전,1.0
오순도순,1.0
옷값,1.0
와인,1.0
왐마,1.0
왕따,1.0
왕왕,1.0
왜꼭,1.0
오십일,1.0
오메,1.0
연락,1.0
엿같으,1.0
연말정산,1.0
연속,1.0
연수,1.0
연예인,1.0
열흘,1.0
염병,1.0
영어,1.0
오마이갓,1.0
영주권,1.0
영혼,1.0
영화,1.0
예기,1.0
예술,1.0
옘병,1.0
스쿨존,1.0
스윗,1.0
스무살,1.0
부리,1.0
부가,1.0
부국,1.0
부끄러움,1.0
부동,1.0
부들,1.0
부랴부랴,1.0
부방,1.0
본시,1.0
부양,1.0
부업,1.0
부엌,1.0
부여,1.0
부임,1.0
부작용,1.0
봉양,1.0
볶음,1.0
부조리,1.0
보육원,1.0
보나,1.0
보드,1.0
보람,1.0
보상,1.0
보수,1.0
보육료,1.0
보임,1.0
복지로,1.0
보태,1.0
보편화,1.0
복권,1.0
복무,1.0
복수국적,1.0
복지관,1.0
부재,1.0
부족함,1.0
병역의무,1.0
비양,1.0
브레이,1.0
비급,1.0
비둘기,1.0
비례대표,1.0
비리,1.0
비사,1.0
비일,1.0
붕괴,1.0
비정상,1.0
비학,1.0
비행기,1.0
빅타스,1.0
빌어,1.0
빠듯,1.0
브런치,1.0
불행,1.0
부차,1.0
분양,1.0
부탁,1.0
분간,1.0
분다,1.0
분도,1.0
분류,1.0
분모,1.0
분포,1.0
불합리,1.0
불로,1.0
불법,1.0
불안,1.0
불이익,1.0
불키,1.0
불평등,1.0
보고서,1.0
병림픽,1.0
빨갱이,1.0
방과,1.0
발끈,1.0
발라,1.0
발표,1.0
밤낮,1.0
밤시,1.0
밥그릇,1.0
방망이,1.0
반증,1.0
방문,1.0
방위,1.0
방이,1.0
방해,1.0
방황,1.0
밭길,1.0
반토막,1.0
반중,1.0
배드,1.0
반경,1.0
바알,1.0
바이,1.0
박근혜,1.0
박사,1.0
박스,1.0
박탈,1.0
반기,1.0
반응,1.0
반년,1.0
반당,1.0
반도,1.0
반려동물,1.0
반박,1.0
반비례,1.0
배경,1.0
배부,1.0
병력,1.0
벌레,1.0
버튼,1.0
버팀목,1.0
번뇌,1.0
번의,1.0
번호,1.0
벌금,1.0
법률,1.0
버릇,1.0
법적,1.0
베개,1.0
변신,1.0
별거,1.0
별나라,1.0
별반,1.0
버세,1.0
버르장머리,1.0
배움,1.0
백만천만,1.0
배재,1.0
배정,1.0
배치,1.0
백만,1.0
백만배,1.0
백만원,1.0
백배,1.0
버등,1.0
백원,1.0
백일,1.0
밴드,1.0
버느,1.0
버는건,1.0
버는데,1.0
빠듯했,1.0
빼액,1.0
스마트폰,1.0
세종,1.0
세계획,1.0
세명,1.0
세방,1.0
세부,1.0
세율,1.0
세제,1.0
세태,1.0
성향,1.0
소고기,1.0
소나무,1.0
소망,1.0
소모품,1.0
소비,1.0
소사,1.0
성희롱,1.0
성철,1.0
소세지,1.0
선정,1.0
선둘,1.0
선뜻,1.0
선물,1.0
선시,1.0
선양,1.0
선원,1.0
설득,1.0
성별,1.0
설마,1.0
설치,1.0
섭종,1.0
성과,1.0
성남,1.0
성매매,1.0
소상,1.0
소식,1.0
서하,1.0
수위,1.0
수면제,1.0
수성구,1.0
수술,1.0
수습,1.0
수원,1.0
수원시,1.0
수일,1.0
수령,1.0
수치,1.0
순환,1.0
술처,1.0
쉬이,1.0
슈킹슈킹,1.0
스너우볼,1.0
수만,1.0
수년,1.0
소원,1.0
손녀,1.0
소집,1.0
소탈,1.0
속죄,1.0
손가락,1.0
손가락질,1.0
손길,1.0
손해,1.0
수고,1.0
솔직,1.0
솜방,1.0
송원,1.0
송이,1.0
쇄신,1.0
쇼핑,1.0
석현,1.0
서울특별시,1.0
뻔햇,1.0
사회인,1.0
사재기,1.0
사정,1.0
사족,1.0
사직,1.0
사촌동생,1.0
사탕,1.0
삭제,1.0
사자,1.0
산더미,1.0
산발,1.0
산아제한,1.0
산전,1.0
산후조리원,1.0
살거같쥬,1.0
사장,1.0
사임,1.0
살돈,1.0
사내,1.0
뽀삐,1.0
뽈아먹,1.0
뿌리,1.0
뿌시,1.0
뿌엥,1.0
사가,1.0
사라졋,1.0
사업자,1.0
사람인,1.0
사립,1.0
사무소,1.0
사법부,1.0
사상,1.0
사서,1.0
살게되드,1.0
살딸둘,1.0
서양,1.0
생존,1.0
색깔,1.0
생겻디,1.0
생기며,1.0
생상,1.0
생심,1.0
생애,1.0
생태,1.0
상향,1.0
생해,1.0
서고,1.0
서기,1.0
서도,1.0
서막,1.0
서서,1.0
새삼,1.0
상품,1.0
살림,1.0
상담,1.0
살바,1.0
살얼음,1.0
살임,1.0
살짝,1.0
삼성,1.0
삼십,1.0
상대,1.0
상팔자,1.0
상류층,1.0
상속,1.0
상실,1.0
상처,1.0
상충,1.0
상치,1.0
힉교,1.0
